-- phpMyAdmin SQL Dump
-- version 3.5.2.2
-- http://www.phpmyadmin.net
--
-- Machine: 127.0.0.1
-- Genereertijd: 03 jul 2013 om 09:27
-- Serverversie: 5.5.27
-- PHP-versie: 5.4.7

SET SQL_MODE="NO_AUTO_VALUE_ON_ZERO";
SET time_zone = "+00:00";


/*!40101 SET @OLD_CHARACTER_SET_CLIENT=@@CHARACTER_SET_CLIENT */;
/*!40101 SET @OLD_CHARACTER_SET_RESULTS=@@CHARACTER_SET_RESULTS */;
/*!40101 SET @OLD_COLLATION_CONNECTION=@@COLLATION_CONNECTION */;
/*!40101 SET NAMES utf8 */;

--
-- Databank: `plantenshop`
--

-- --------------------------------------------------------

--
-- Tabelstructuur voor tabel `bestel`
--

CREATE TABLE IF NOT EXISTS `bestel` (
  `BESTELNR` int(10) unsigned NOT NULL AUTO_INCREMENT,
  `LEV_CODE` int(10) unsigned DEFAULT NULL,
  `B_DATUM` datetime DEFAULT NULL,
  `L_DATUM` datetime DEFAULT NULL,
  `BEDRAG` double(15,5) DEFAULT NULL,
  PRIMARY KEY (`BESTELNR`)
) ENGINE=InnoDB  DEFAULT CHARSET=latin1 AUTO_INCREMENT=205 ;

--
-- Gegevens worden uitgevoerd voor tabel `bestel`
--

INSERT INTO `bestel` (`BESTELNR`, `LEV_CODE`, `B_DATUM`, `L_DATUM`, `BEDRAG`) VALUES
(121, 13, '1999-01-17 00:00:00', '1999-01-31 00:00:00', 590.45000),
(174, 4, '1999-02-25 00:00:00', '1999-03-04 00:00:00', 117.50000),
(175, 4, '1999-02-27 00:00:00', '1999-03-06 00:00:00', 395.51000),
(181, 9, '1999-03-06 00:00:00', '1999-03-27 00:00:00', 577.22000),
(184, 22, '1999-03-06 00:00:00', '1999-03-16 00:00:00', 240.00000),
(186, 20, '1999-03-11 00:00:00', '1999-03-18 00:00:00', 414.05000),
(190, 14, '1999-03-13 00:00:00', '1999-03-23 00:00:00', 659.84000),
(191, 13, '1999-03-13 00:00:00', '1999-03-27 00:00:00', 1211.41000),
(192, 35, '1999-03-13 00:00:00', '1999-03-23 00:00:00', 317.52000),
(197, 35, '1999-03-14 00:00:00', '1999-03-23 00:00:00', 928.27000),
(200, 4, '1999-03-14 00:00:00', '1999-03-21 00:00:00', 72.00000),
(201, 4, '1999-03-26 00:00:00', '1999-04-02 00:00:00', 221.25000),
(202, 14, '1999-03-26 00:00:00', '1999-04-05 00:00:00', 530.43000),
(203, 19, '1999-04-01 00:00:00', '1999-04-15 00:00:00', 556.60000),
(204, 34, '1999-04-01 00:00:00', '1999-04-15 00:00:00', 492.53000);

-- --------------------------------------------------------

--
-- Tabelstructuur voor tabel `bestreg`
--

CREATE TABLE IF NOT EXISTS `bestreg` (
  `BESTELNR` int(10) unsigned DEFAULT NULL,
  `ART_LEV` varchar(5) DEFAULT NULL,
  `AANTAL` double(15,5) DEFAULT NULL,
  `BEST_PR` double(15,5) DEFAULT NULL
) ENGINE=InnoDB DEFAULT CHARSET=latin1;

--
-- Gegevens worden uitgevoerd voor tabel `bestreg`
--

INSERT INTO `bestreg` (`BESTELNR`, `ART_LEV`, `AANTAL`, `BEST_PR`) VALUES
(121, 'A154', 150.00000, 0.45000),
(121, 'B006', 150.00000, 0.95000),
(121, 'B111', 25.00000, 2.25000),
(121, 'B396', 50.00000, 1.65000),
(121, 'E098', 50.00000, 1.90000),
(121, 'G202', 25.00000, 6.35000),
(174, 'A421', 50.00000, 1.35000),
(174, 'B148', 25.00000, 0.65000),
(174, 'B331', 25.00000, 0.70000),
(174, 'C274', 25.00000, 0.65000),
(175, 'A004', 50.00000, 0.75000),
(175, 'A075', 250.00000, 0.25000),
(175, 'A103', 400.00000, 0.20000),
(175, 'A184', 50.00000, 0.45000),
(175, 'A385', 100.00000, 0.40000),
(175, 'A421', 50.00000, 0.80000),
(175, 'B148', 50.00000, 0.45000),
(175, 'B331', 10.00000, 0.45000),
(175, 'B337', 100.00000, 0.70000),
(175, 'C274', 25.00000, 0.45000),
(175, 'D225', 25.00000, 0.35000),
(181, '044', 10.00000, 3.60000),
(181, '045', 5.00000, 7.20000),
(181, '099', 20.00000, 6.05000),
(181, '114', 3.00000, 9.45000),
(181, '116', 25.00000, 15.45000),
(184, 'E-003', 200.00000, 1.20000),
(186, '162', 100.00000, 0.65000),
(186, '281', 100.00000, 3.25000),
(186, '471', 25.00000, 1.30000),
(190, '001-2', 100.00000, 1.15000),
(190, '103-2', 100.00000, 1.00000),
(190, '118-V', 200.00000, 1.15000),
(190, '209-V', 25.00000, 1.60000),
(190, '255-1', 200.00000, 0.35000),
(190, '263-V', 50.00000, 1.65000),
(190, '281-2', 25.00000, 0.55000),
(190, '393-V', 20.00000, 1.45000),
(191, 'A101', 100.00000, 1.10000),
(191, 'A103', 1000.00000, 0.10000),
(191, 'A154', 100.00000, 0.50000),
(191, 'A472', 250.00000, 0.60000),
(191, 'B101', 50.00000, 0.40000),
(191, 'B111', 50.00000, 2.15000),
(191, 'B396', 50.00000, 1.50000),
(191, 'B578', 10.00000, 11.70000),
(191, 'C051', 10.00000, 7.55000),
(191, 'D029', 15.00000, 6.00000),
(191, 'D296', 10.00000, 7.55000),
(191, 'D742', 25.00000, 2.95000),
(191, 'E098', 50.00000, 1.80000),
(191, 'G001', 25.00000, 1.20000),
(191, 'G430', 30.00000, 2.75000),
(191, 'H510', 40.00000, 1.75000),
(192, 'ST1P1', 100.00000, 1.65000),
(192, 'ST2P1', 25.00000, 1.35000),
(192, 'ST3P2', 24.00000, 5.05000),
(192, 'ST4P5', 12.00000, 0.90000),
(197, 'ST1P9', 50.00000, 3.75000),
(197, 'ST2P1', 25.00000, 1.45000),
(197, 'ST2P6', 50.00000, 2.30000),
(197, 'ST3P1', 36.00000, 4.85000),
(197, 'ST4P1', 48.00000, 8.95000),
(197, 'ST4P5', 24.00000, 1.00000),
(200, 'A004', 25.00000, 1.25000),
(200, 'A184', 25.00000, 0.65000),
(200, 'B148', 25.00000, 0.70000),
(200, 'B331', 10.00000, 0.70000),
(201, 'A004', 25.00000, 1.25000),
(201, 'A184', 25.00000, 0.70000),
(201, 'A385', 25.00000, 0.70000),
(201, 'A421', 50.00000, 1.45000),
(201, 'B148', 25.00000, 0.70000),
(201, 'B331', 25.00000, 0.75000),
(201, 'C274', 25.00000, 0.75000),
(201, 'D225', 50.00000, 0.55000),
(202, '162-V', 75.00000, 1.35000),
(202, '201-V', 25.00000, 2.40000),
(202, '255-1', 150.00000, 0.40000),
(202, '327-1', 150.00000, 0.50000),
(202, '408-V', 100.00000, 2.05000),
(202, '498-1', 100.00000, 0.40000),
(203, 'ALTH', 25.00000, 1.15000),
(203, 'CENT', 50.00000, 1.15000),
(203, 'CYNO', 50.00000, 1.40000),
(203, 'GYPS', 25.00000, 2.65000),
(203, 'KNIP', 50.00000, 2.05000),
(203, 'LUPI', 200.00000, 1.40000),
(204, 'ALTH', 50.00000, 1.00000),
(204, 'BEGO', 50.00000, 0.35000),
(204, 'CAMP', 150.00000, 1.55000),
(204, 'CHEI', 50.00000, 0.95000),
(204, 'DELP', 100.00000, 1.50000);

-- --------------------------------------------------------

--
-- Tabelstructuur voor tabel `leveran`
--

CREATE TABLE IF NOT EXISTS `leveran` (
  `LEV_CODE` int(10) unsigned NOT NULL AUTO_INCREMENT,
  `LEV_NAAM` varchar(20) DEFAULT NULL,
  `ADRES` varchar(25) DEFAULT NULL,
  `WOONPL` varchar(15) DEFAULT NULL,
  PRIMARY KEY (`LEV_CODE`)
) ENGINE=InnoDB  DEFAULT CHARSET=latin1 AUTO_INCREMENT=36 ;

--
-- Gegevens worden uitgevoerd voor tabel `leveran`
--

INSERT INTO `leveran` (`LEV_CODE`, `LEV_NAAM`, `ADRES`, `WOONPL`) VALUES
(4, 'HOVENIER G.H.', 'ZANDWEG 50', 'LISSE'),
(9, 'BAUMGARTEN R.', 'TAKSTRAAT 13', 'HILLEGOM'),
(11, 'STRUIK BV.', 'BESSENLAAN 1', 'LISSE'),
(13, 'SPITMAN EN ZN.', 'ACHTERTUIN 9', 'AALSMEER'),
(14, 'DEZAAIER L.J.A.', 'DE GRONDEN 101', 'LISSE'),
(19, 'MOOIWEER FA.', 'VERLENGDE ZOMERSTR. 24', 'AALSMEER'),
(20, 'BLOEM L.Z.H.W.', 'LINNAEUSHOF 17', 'HILLEGOM'),
(21, 'TRA A.', 'KOELEPLEKSTRAAT 10', 'LISSE'),
(22, 'ERICA BV.', 'BERKENWEG 87', 'HEEMSTEDE'),
(34, 'DE GROENE KAS BV.', 'GLASWEG 1', 'AALSMEER'),
(35, 'FLORA BV.', 'OEVERSTRAAT 76', 'AALSMEER');

-- --------------------------------------------------------

--
-- Tabelstructuur voor tabel `offertes`
--

CREATE TABLE IF NOT EXISTS `offertes` (
  `LEV_CODE` int(10) unsigned DEFAULT NULL,
  `ART_LEV` varchar(5) DEFAULT NULL,
  `ART_CODE` int(10) unsigned DEFAULT NULL,
  `LEV_TIJD` int(10) unsigned DEFAULT NULL,
  `OFF_PRIJS` double(15,5) DEFAULT NULL
) ENGINE=InnoDB DEFAULT CHARSET=latin1;

--
-- Gegevens worden uitgevoerd voor tabel `offertes`
--

INSERT INTO `offertes` (`LEV_CODE`, `ART_LEV`, `ART_CODE`, `LEV_TIJD`, `OFF_PRIJS`) VALUES
(4, 'A004', 36, 7, 1.10000),
(4, 'A075', 426, 7, 0.35000),
(4, 'A103', 157, 7, 0.30000),
(4, 'A184', 478, 7, 0.60000),
(4, 'A385', 95, 7, 0.60000),
(4, 'A421', 455, 7, 1.20000),
(4, 'B148', 380, 7, 0.60000),
(4, 'B331', 102, 7, 0.60000),
(4, 'B337', 74, 7, 1.10000),
(4, 'C274', 470, 7, 0.60000),
(4, 'D225', 434, 7, 0.50000),
(9, '002', 498, 21, 2.95000),
(9, '011', 420, 21, 9.90000),
(9, '013', 195, 21, 6.55000),
(9, '014', 104, 21, 7.90000),
(9, '021', 364, 21, 2.25000),
(9, '023', 408, 21, 10.15000),
(9, '024', 103, 21, 7.90000),
(9, '029', 117, 21, 2.50000),
(9, '044', 257, 21, 3.40000),
(9, '045', 397, 21, 6.75000),
(9, '050', 1, 21, 8.80000),
(9, '064', 393, 21, 4.30000),
(9, '078', 286, 21, 10.15000),
(9, '081', 178, 21, 3.40000),
(9, '085', 471, 21, 4.50000),
(9, '091', 27, 21, 7.90000),
(9, '097', 210, 21, 0.20000),
(9, '099', 362, 21, 5.65000),
(9, '103', 66, 21, 6.10000),
(9, '114', 209, 21, 8.80000),
(9, '115', 281, 21, 5.65000),
(9, '116', 263, 21, 14.40000),
(9, '145', 162, 21, 4.30000),
(11, 'E01R', 335, 21, 2.90000),
(11, 'E05R', 365, 10, 0.80000),
(11, 'E11X', 327, 10, 1.05000),
(11, 'E23W', 255, 10, 1.05000),
(11, 'H09', 408, 14, 11.95000),
(11, 'H10R', 1, 14, 10.35000),
(11, 'H14R', 397, 14, 7.95000),
(11, 'H14W', 195, 14, 7.70000),
(11, 'H17', 117, 14, 2.90000),
(11, 'H19O', 103, 14, 9.30000),
(11, 'H75P', 12, 14, 10.35000),
(11, 'H99G', 263, 14, 16.95000),
(13, 'A002', 67, 10, 1.45000),
(13, 'A101', 36, 7, 1.15000),
(13, 'A103', 184, 7, 0.10000),
(13, 'A154', 314, 7, 0.50000),
(13, 'A230', 372, 10, 1.65000),
(13, 'A395', 82, 10, 2.30000),
(13, 'A472', 383, 7, 0.65000),
(13, 'A520', 391, 10, 1.30000),
(13, 'A677', 437, 10, 1.30000),
(13, 'B006', 365, 14, 1.00000),
(13, 'B024', 393, 14, 6.20000),
(13, 'B101', 123, 7, 0.40000),
(13, 'B111', 422, 10, 2.30000),
(13, 'B396', 311, 10, 1.65000),
(13, 'B578', 1, 14, 12.70000),
(13, 'C051', 281, 14, 8.15000),
(13, 'C119', 262, 14, 6.20000),
(13, 'C243', 200, 14, 11.40000),
(13, 'D029', 471, 14, 6.50000),
(13, 'D296', 362, 14, 8.15000),
(13, 'D321', 56, 10, 1.65000),
(13, 'D555', 47, 14, 12.70000),
(13, 'D742', 364, 14, 3.25000),
(13, 'E098', 87, 10, 1.95000),
(13, 'E409', 228, 10, 1.30000),
(13, 'F342', 300, 10, 6.20000),
(13, 'F823', 332, 10, 1.65000),
(13, 'G001', 71, 10, 1.30000),
(13, 'G202', 31, 14, 6.50000),
(13, 'G430', 312, 10, 2.95000),
(13, 'H510', 316, 10, 1.95000),
(14, '001-2', 455, 10, 1.15000),
(14, '012-V', 212, 10, 1.70000),
(14, '027-V', 372, 10, 1.45000),
(14, '067-V', 384, 10, 2.00000),
(14, '082-V', 297, 10, 1.15000),
(14, '103-2', 23, 10, 1.05000),
(14, '117-V', 13, 10, 1.70000),
(14, '118-V', 467, 10, 1.15000),
(14, '162-V', 228, 10, 1.15000),
(14, '195-1', 478, 10, 0.55000),
(14, '201-V', 390, 10, 2.00000),
(14, '209-V', 68, 10, 1.70000),
(14, '255-1', 50, 10, 0.35000),
(14, '257-V', 164, 10, 1.45000),
(14, '263-V', 54, 10, 1.70000),
(14, '264-V', 351, 10, 1.45000),
(14, '273-2', 398, 10, 0.55000),
(14, '281-2', 102, 10, 0.55000),
(14, '286-V', 87, 10, 1.70000),
(14, '300-V', 71, 10, 1.15000),
(14, '327-1', 147, 10, 0.45000),
(14, '335-V', 438, 10, 1.70000),
(14, '362-V', 311, 10, 1.45000),
(14, '365-V', 157, 10, 0.30000),
(14, '393-V', 56, 10, 1.45000),
(14, '397-V', 363, 10, 2.55000),
(14, '400-2', 380, 10, 0.55000),
(14, '408-V', 316, 10, 1.70000),
(14, '471-2', 35, 10, 0.55000),
(14, '498-1', 123, 10, 0.35000),
(19, 'ACMO', 82, 14, 2.10000),
(19, 'ACON', 175, 14, 1.80000),
(19, 'ALSC', 425, 14, 1.20000),
(19, 'ALTH', 61, 14, 1.20000),
(19, 'CAMP', 87, 14, 1.80000),
(19, 'CENT', 80, 14, 1.20000),
(19, 'CHRY', 164, 14, 1.50000),
(19, 'CYNO', 56, 14, 1.50000),
(19, 'DELP', 212, 14, 1.80000),
(19, 'DIAN', 438, 14, 1.80000),
(19, 'ERYN', 13, 14, 1.80000),
(19, 'EUPH', 372, 14, 1.50000),
(19, 'GEUM', 316, 14, 1.80000),
(19, 'GYPS', 363, 14, 2.70000),
(19, 'HELI', 467, 14, 1.20000),
(19, 'KNIP', 486, 14, 2.10000),
(19, 'LAMI', 71, 14, 1.20000),
(19, 'LUPI', 89, 14, 1.50000),
(19, 'MATR', 234, 14, 1.80000),
(19, 'PAEO', 78, 14, 2.70000),
(19, 'POTE', 67, 14, 1.35000),
(19, 'ROSM', 207, 14, 1.20000),
(20, '001', 470, 7, 0.65000),
(20, '047', 361, 7, 0.65000),
(20, '066', 253, 7, 0.10000),
(20, '103', 36, 7, 1.15000),
(20, '162', 468, 7, 0.50000),
(20, '195', 184, 7, 0.10000),
(20, '209', 123, 7, 0.40000),
(20, '210', 434, 7, 0.50000),
(20, '257', 266, 7, 0.65000),
(20, '263', 169, 7, 0.05000),
(20, '281', 126, 7, 2.45000),
(20, '362', 383, 7, 0.65000),
(20, '393', 147, 7, 0.50000),
(20, '471', 143, 7, 1.00000),
(20, '498', 314, 7, 0.50000),
(21, 'AZA', 103, 10, 8.75000),
(21, 'BRE', 364, 10, 2.50000),
(21, 'FOR', 108, 10, 2.75000),
(21, 'HUL', 408, 10, 11.25000),
(21, 'KOR', 117, 10, 2.75000),
(21, 'LIG', 210, 10, 0.20000),
(21, 'MAG', 195, 10, 7.25000),
(21, 'OLI', 471, 10, 5.00000),
(21, 'PEP', 397, 10, 7.50000),
(21, 'ROD', 1, 10, 9.75000),
(21, 'SER', 12, 10, 9.75000),
(21, 'TOV', 263, 10, 16.00000),
(21, 'VUU', 19, 10, 2.50000),
(21, 'ZUU', 242, 10, 1.75000),
(22, 'B-003', 393, 14, 5.15000),
(22, 'B-011', 286, 14, 12.15000),
(22, 'B-034', 281, 14, 6.75000),
(22, 'B-076', 39, 14, 2.45000),
(22, 'B-104', 28, 14, 22.95000),
(22, 'E-002', 335, 10, 2.95000),
(22, 'E-003', 365, 10, 0.80000),
(22, 'S-015', 210, 14, 0.20000),
(22, 'S-077', 471, 14, 5.40000),
(22, 'S-118', 103, 14, 9.45000),
(22, 'S-154', 364, 14, 2.70000),
(34, 'ACMO', 82, 14, 2.15000),
(34, 'ALTH', 61, 14, 1.25000),
(34, 'ANCE', 462, 14, 1.25000),
(34, 'ANEM', 390, 14, 2.15000),
(34, 'ANGR', 224, 14, 1.25000),
(34, 'ANTI', 468, 14, 0.50000),
(34, 'AQUI', 153, 14, 1.55000),
(34, 'ARDR', 105, 14, 1.25000),
(34, 'BEGO', 123, 14, 0.40000),
(34, 'CAMP', 87, 14, 1.85000),
(34, 'CHEI', 74, 14, 1.10000),
(34, 'CHMA', 164, 14, 1.55000),
(34, 'CORT', 300, 14, 5.90000),
(34, 'CYNO', 398, 14, 0.60000),
(34, 'DELP', 212, 14, 1.85000),
(34, 'ECHI', 24, 14, 1.85000),
(34, 'ERYN', 13, 14, 1.85000),
(34, 'HEDE', 427, 14, 4.65000),
(34, 'LUPI', 89, 14, 1.55000),
(34, 'OCBA', 120, 14, 1.25000),
(34, 'PAPA', 285, 14, 3.10000),
(34, 'PARH', 380, 14, 0.60000),
(34, 'PHLO', 143, 14, 0.95000),
(34, 'PRIM', 455, 14, 1.25000),
(34, 'RUSC', 319, 14, 1.25000),
(34, 'SALV', 391, 14, 1.25000),
(34, 'TAGE', 50, 14, 0.35000),
(34, 'TULI', 469, 14, 0.25000),
(34, 'VIOL', 157, 14, 0.30000),
(34, 'VITI', 31, 14, 6.20000),
(34, 'WIST', 253, 14, 0.05000),
(35, 'ST1P1', 89, 10, 1.65000),
(35, 'ST1P3', 311, 10, 1.65000),
(35, 'ST1P4', 130, 10, 1.30000),
(35, 'ST1P6', 61, 10, 1.30000),
(35, 'ST1P8', 428, 10, 2.95000),
(35, 'ST1P9', 285, 10, 3.30000),
(35, 'ST2P1', 467, 10, 1.30000),
(35, 'ST2P2', 54, 10, 2.00000),
(35, 'ST2P3', 82, 10, 2.30000),
(35, 'ST2P5', 205, 10, 2.95000),
(35, 'ST2P6', 68, 10, 2.00000),
(35, 'ST3P1', 180, 10, 4.30000),
(35, 'ST3P2', 427, 10, 4.95000),
(35, 'ST3P5', 296, 10, 1.30000),
(35, 'ST4P1', 320, 10, 7.90000),
(35, 'ST4P2', 283, 10, 3.30000),
(35, 'ST4P5', 190, 10, 0.85000),
(35, 'ST4P6', 42, 10, 3.30000);

-- --------------------------------------------------------

--
-- Tabelstructuur voor tabel `planten`
--

CREATE TABLE IF NOT EXISTS `planten` (
  `art_code` int(10) unsigned NOT NULL AUTO_INCREMENT,
  `plantennm` varchar(16) NOT NULL,
  `kleur` varchar(7) DEFAULT NULL,
  `hoogte` int(10) unsigned DEFAULT NULL,
  `bl_b` int(10) unsigned DEFAULT NULL,
  `bl_e` int(10) unsigned DEFAULT NULL,
  `prijs` double(15,1) DEFAULT NULL,
  `soort_id` int(10) unsigned NOT NULL,
  PRIMARY KEY (`art_code`) USING BTREE
) ENGINE=InnoDB  DEFAULT CHARSET=latin1 AUTO_INCREMENT=499 ;

--
-- Gegevens worden uitgevoerd voor tabel `planten`
--

INSERT INTO `planten` (`art_code`, `plantennm`, `kleur`, `hoogte`, `bl_b`, `bl_e`, `prijs`, `soort_id`) VALUES
(1, 'RODODENDRON', 'ROOD', 125, 5, 7, 19.5, 1),
(12, 'SERING', 'PAARS', 500, 5, 6, 19.5, 1),
(13, 'KRUISDISTEL', 'BLAUW', 75, 6, 7, 3.0, 2),
(19, 'VUURDOORN', 'WIT', 0, 6, 6, 5.0, 1),
(23, 'KLOKJESBLOEM', 'BLAUW', 70, 6, 8, 1.8, 3),
(24, 'KOGELDISTEL', 'BLAUW', 175, 6, 7, 3.0, 2),
(27, 'PAARDEKASTANJE', 'WIT', 2500, 5, 5, 17.5, 4),
(28, 'LINDE', 'GEEL', 4000, 7, 8, 42.5, 4),
(31, 'WIJNSTOK', NULL, 600, 0, 0, 10.0, 5),
(35, 'VIOLIER', 'GEMENGD', 60, 6, 7, 1.0, 3),
(36, 'ZONNEBLOEM', 'GEEL', 150, 8, 10, 1.8, 6),
(39, 'POPULIER', 'WIT', 1000, 3, 4, 4.5, 4),
(42, 'CYPERGRAS', NULL, 100, 0, 0, 5.0, 7),
(47, 'ZILVERSPAR', NULL, 3000, 0, 0, 19.5, 4),
(50, 'AFRIKAANTJE', 'GEEL', 25, 7, 10, 0.6, 6),
(54, 'BOTERBLOEM', 'WIT', 50, 5, 6, 3.0, 2),
(56, 'HONDSTONG', 'BLAUW', 30, 6, 8, 2.5, 2),
(61, 'STOKROOS', 'ROOD', 250, 6, 9, 2.0, 2),
(66, 'DWERGCYPRES', NULL, 500, 0, 0, 13.5, 4),
(67, 'GANZERIK', 'ROOD', 25, 6, 9, 2.3, 2),
(68, 'DAGLELIE', 'ROOD', 80, 6, 8, 3.0, 2),
(71, 'DOVENETEL', 'GEEL', 25, 4, 5, 2.0, 2),
(74, 'MUURBLOEM', 'BRUIN', 50, 4, 5, 1.8, 3),
(78, 'PIOEN', 'ROOD', 50, 6, 7, 4.5, 2),
(80, 'KORENBLOEM', 'BLAUW', 80, 7, 8, 2.0, 2),
(82, 'BEREKLAUW', 'WIT', 100, 7, 9, 3.5, 2),
(87, 'KLOKJESBLOEM', 'BLAUW', 90, 6, 8, 3.0, 2),
(89, 'LUPINE', 'GEMENGD', 100, 6, 7, 2.5, 2),
(95, 'VIOLIER', 'GEMENGD', 60, 6, 8, 1.0, 6),
(102, 'JUDASPENNING', 'LILA', 70, 5, 7, 1.0, 3),
(103, 'AZALEA', 'ORANJE', 200, 4, 5, 17.5, 1),
(104, 'ESDOORN', 'GROEN', 2500, 6, 6, 17.5, 4),
(105, 'DRAGON', 'WIT', 100, 8, 9, 2.0, 8),
(108, 'FORSYTHIA', 'GEEL', 250, 3, 4, 5.5, 1),
(117, 'KORNOELJE', 'GEEL', 300, 5, 0, 5.5, 1),
(120, 'BASILICUM', 'WIT', 50, 8, 9, 2.0, 8),
(123, 'BEGONIA', 'ROOD', 15, 6, 9, 0.7, 6),
(126, 'SIERUI', 'BLAUW', 75, 6, 8, 3.8, 9),
(130, 'VINGERHOEDSKRUID', 'GEMENGD', 0, 6, 8, 2.0, 2),
(143, 'VLAMBLOEM', 'GEMENGD', 30, 7, 8, 1.5, 6),
(147, 'ASTER', 'GEMENGD', 50, 7, 10, 0.8, 6),
(153, 'AKELEI', 'BLAUW', 60, 5, 7, 2.5, 2),
(157, 'VIOOLTJE', 'GEMENGD', 15, 3, 8, 0.5, 3),
(162, 'AZIJNBOOM', 'ROOD', 0, 6, 7, 9.5, 4),
(164, 'MARGRIET', 'WIT', 70, 6, 8, 2.5, 2),
(169, 'KROKUS', 'WIT', 15, 2, 3, 0.1, 9),
(175, 'MONNIKSKAP', 'VIOLET', 120, 8, 9, 3.0, 2),
(178, 'LIJSTERBES', 'WIT', 500, 5, 5, 7.5, 4),
(180, 'BOSRANK', 'PAARS', 300, 7, 9, 6.5, 5),
(184, 'IRIS', 'BLAUW', 100, 5, 7, 0.1, 9),
(190, 'KIKKERBEET', 'WIT', 0, 7, 8, 1.3, 7),
(195, 'MAGNOLIA', 'WIT', 1000, 4, 5, 14.5, 1),
(200, 'ACACIA', 'WIT', 2500, 6, 6, 17.5, 4),
(205, 'DOTTERBLOEM', 'GEEL', 30, 4, 6, 4.5, 7),
(207, 'ROZEMARIJN', 'BLAUW', 150, 5, 5, 2.0, 8),
(209, 'MEIDOORN', 'ROZE', 700, 5, 5, 19.5, 4),
(210, 'LIGUSTER', 'WIT', 200, 7, 7, 0.4, 1),
(212, 'RIDDERSPOOR', 'LILA', 150, 6, 7, 3.0, 2),
(224, 'DILLE', 'GEEL', 90, 7, 8, 2.0, 8),
(228, 'ENGELS GRAS', 'ROOD', 20, 0, 0, 2.0, 2),
(234, 'KAMILLE', 'WIT', 70, 6, 7, 3.0, 2),
(242, 'ZUURBES', 'ORANJE', 300, 5, 6, 3.5, 1),
(253, 'BLAUW DRUIFJE', 'BLAUW', 20, 2, 6, 0.1, 9),
(255, 'WINTERHEIDE', 'WIT', 20, 2, 4, 2.0, 10),
(257, 'BERK', NULL, 2000, 0, 0, 7.5, 4),
(262, 'PASSIEBLOEM', 'BLAUW', 0, 6, 9, 9.5, 5),
(263, 'TOVERHAZELAAR', 'GEEL', 500, 1, 2, 32.0, 1),
(266, 'KORENBLOEM', 'GEMENGD', 80, 7, 8, 1.0, 6),
(281, 'BEUK', 'GROEN', 3000, 4, 5, 12.5, 4),
(283, 'WATERHYACINT', 'BLAUW', 0, 6, 9, 5.0, 7),
(285, 'KLAPROOS', 'ROOD', 70, 5, 6, 3.0, 2),
(286, 'TULPEBOOM', 'GEEL', 2000, 6, 7, 22.5, 4),
(296, 'PETERSELIE', NULL, 25, 0, 0, 2.0, 8),
(297, 'MAJORAAN', 'PAARS', 30, 7, 8, 2.0, 8),
(300, 'PAMPUSGRAS', 'WIT', 300, 9, 10, 9.5, 2),
(311, 'LEVERKRUID', 'PAARS', 175, 8, 9, 2.5, 2),
(312, 'LISDODDE', 'GEEL', 200, 8, 9, 4.5, 7),
(314, 'CHRYSANT', 'GEEL', 80, 6, 8, 0.8, 6),
(316, 'NAGELKRUID', 'ORANJE', 50, 7, 8, 3.0, 2),
(319, 'ZURING', 'ROOD', 70, 6, 6, 2.0, 8),
(320, 'WATERLELIE', 'WIT', 0, 0, 0, 12.0, 7),
(327, 'STRUIKHEIDE', 'GEMENGD', 30, 6, 8, 2.0, 10),
(332, 'BLAASJESKRUID', 'GEEL', 0, 7, 8, 2.5, 7),
(335, 'BOOMHEIDE', 'ROZE', 150, 7, 9, 5.5, 10),
(351, 'TIJM', 'PAARS', 10, 6, 6, 2.5, 8),
(361, 'RIDDERSPOOR', 'GEMENGD', 50, 7, 8, 1.0, 6),
(362, 'SPAR', NULL, 3000, 0, 0, 12.5, 4),
(363, 'GIPSKRUID', 'WIT', 90, 7, 8, 4.5, 2),
(364, 'BREM', 'GEEL', 150, 4, 7, 5.0, 1),
(365, 'DOPHEIDE', 'ROOD', 35, 6, 9, 1.5, 10),
(372, 'WOLFSMELK', 'GEEL', 60, 4, 4, 2.5, 2),
(380, 'KLAPROOS', 'GEMENGD', 40, 6, 6, 1.0, 3),
(383, 'DAHLIA', 'GEMENGD', 40, 8, 10, 1.0, 6),
(384, 'VUURWERKPLANT', 'ROZE', 150, 6, 7, 3.5, 2),
(390, 'ANEMOON', 'ROZE', 50, 8, 10, 3.5, 2),
(391, 'SALIE', 'VIOLET', 100, 6, 7, 2.0, 8),
(393, 'JUDASBOOM', 'ROZE', 800, 5, 5, 9.5, 4),
(397, 'PEPERBOOMPJE', 'ROZE', 125, 2, 3, 15.0, 1),
(398, 'HONDSTONG', 'BLAUW', 30, 5, 6, 1.0, 3),
(408, 'HULST', NULL, 700, 0, 0, 22.5, 1),
(420, 'GOUDEN REGEN', 'GEEL', 600, 5, 5, 22.0, 4),
(422, 'WOLGRAS', 'WIT', 30, 5, 6, 3.5, 7),
(425, 'BIESLOOK', 'PAARS', 20, 7, 8, 2.0, 8),
(426, 'ALYSSUM', 'PAARS', 10, 6, 9, 0.6, 6),
(427, 'KLIMOP', NULL, 0, 0, 0, 7.5, 5),
(428, 'KALMOES', NULL, 90, 0, 0, 4.5, 7),
(434, 'PETUNIA', 'ROZE', 25, 7, 10, 0.8, 6),
(437, 'MUNT', 'PAARS', 40, 8, 8, 2.0, 8),
(438, 'ANJER', 'WIT', 40, 6, 8, 3.0, 2),
(455, 'SLEUTELBLOEM', 'GEMENGD', 25, 4, 5, 2.0, 3),
(462, 'KERVEL', 'WIT', 30, 0, 0, 2.0, 8),
(467, 'ZONNEBLOEM', 'GEEL', 150, 8, 9, 2.0, 2),
(468, 'LEEUWEBEKJE', 'GEMENGD', 50, 7, 8, 0.8, 6),
(469, 'TULP', 'GEEL', 30, 4, 6, 0.4, 9),
(470, 'GIPSKRUID', 'WIT', 50, 6, 7, 1.0, 6),
(471, 'OLIJFWILG', 'GEEL', 400, 9, 10, 10.0, 1),
(478, 'KLAPROOS', 'GEMENGD', 35, 6, 9, 1.0, 6),
(486, 'VUURPIJL', 'ROOD', 120, 6, 9, 3.5, 2),
(498, 'JENEVERBES', NULL, 250, 0, 0, 6.5, 4);

-- --------------------------------------------------------

--
-- Tabelstructuur voor tabel `plschema`
--

CREATE TABLE IF NOT EXISTS `plschema` (
  `CATEGORIE` varchar(10) DEFAULT NULL,
  `HOOGTE1` double(15,5) DEFAULT NULL,
  `HOOGTE2` double(15,5) DEFAULT NULL,
  `AFSTAND` double(15,5) DEFAULT NULL
) ENGINE=InnoDB DEFAULT CHARSET=latin1;

--
-- Gegevens worden uitgevoerd voor tabel `plschema`
--

INSERT INTO `plschema` (`CATEGORIE`, `HOOGTE1`, `HOOGTE2`, `AFSTAND`) VALUES
('LAAG', 5.00000, 15.00000, 20.00000),
('MIDDEN', 16.00000, 60.00000, 30.00000),
('ACHTER-L', 61.00000, 100.00000, 45.00000),
('ACHTER-H', 101.00000, 150.00000, 60.00000),
('SCHEIDING', 151.00000, 300.00000, 85.00000),
('BOMEN', 301.00000, 4000.00000, 400.00000);

-- --------------------------------------------------------

--
-- Tabelstructuur voor tabel `soorten`
--

CREATE TABLE IF NOT EXISTS `soorten` (
  `soort_id` int(10) unsigned NOT NULL AUTO_INCREMENT,
  `soort` varchar(45) NOT NULL,
  PRIMARY KEY (`soort_id`)
) ENGINE=InnoDB  DEFAULT CHARSET=latin1 AUTO_INCREMENT=11 ;

--
-- Gegevens worden uitgevoerd voor tabel `soorten`
--

INSERT INTO `soorten` (`soort_id`, `soort`) VALUES
(1, 'HEESTER'),
(2, 'VAST'),
(3, '2-JARIG'),
(4, 'BOOM'),
(5, 'KLIM'),
(6, '1-JARIG'),
(7, 'WATER'),
(8, 'KRUID'),
(9, 'BOL'),
(10, 'HEIDE');

/*!40101 SET CHARACTER_SET_CLIENT=@OLD_CHARACTER_SET_CLIENT */;
/*!40101 SET CHARACTER_SET_RESULTS=@OLD_CHARACTER_SET_RESULTS */;
/*!40101 SET COLLATION_CONNECTION=@OLD_COLLATION_CONNECTION */;
